{
  "action_scaler": {
    "type": "min_max",
    "params": {
      "minimum": [
        [
          -0.3970000147819519,
          -0.3970000147819519,
          -0.3970000147819519,
          -0.3970000147819519,
          -0.3970000147819519,
          -0.3970000147819519,
          -0.3970000147819519,
          -0.3970000147819519,
          -0.3970000147819519
        ]
      ],
      "maximum": [
        [
          0.3970000147819519,
          0.3970000147819519,
          0.3970000147819519,
          0.3970000147819519,
          0.3970000147819519,
          0.3970000147819519,
          0.3970000147819519,
          0.3970000147819519,
          0.3970000147819519
        ]
      ]
    }
  },
  "actor_encoder_factory": {
    "type": "default",
    "params": {
      "activation": "relu",
      "use_batch_norm": false,
      "dropout_rate": null
    }
  },
  "actor_learning_rate": 0.00015,
  "actor_optim_factory": {
    "optim_cls": "Adam",
    "betas": [
      0.9,
      0.999
    ],
    "eps": 1e-08,
    "weight_decay": 0,
    "amsgrad": false
  },
  "batch_size": 64,
  "critic_encoder_factory": {
    "type": "vector",
    "params": {
      "hidden_units": [
        300,
        100,
        50,
        100
      ],
      "activation": "relu",
      "use_batch_norm": false,
      "dropout_rate": null,
      "use_dense": false
    }
  },
  "critic_learning_rate": 0.00015,
  "critic_optim_factory": {
    "optim_cls": "Adam",
    "betas": [
      0.9,
      0.999
    ],
    "eps": 1e-08,
    "weight_decay": 0,
    "amsgrad": false
  },
  "expectile": 0.7,
  "gamma": 0.99,
  "generated_maxlen": 100000,
  "max_weight": 100.0,
  "n_critics": 2,
  "n_frames": 1,
  "n_steps": 1,
  "real_ratio": 1.0,
  "reward_scaler": null,
  "scaler": {
    "type": "standard",
    "params": {
      "mean": [
        [
          0.03528799360484912,
          0.0017766031464755074,
          0.02671617362036504,
          -0.003167860145690732,
          -0.033914272403380546,
          0.03397659166766517,
          -0.02994893094822708,
          -0.008854527320564997,
          0.023689028079243602,
          0.004249003138600264,
          -0.02590602381007718,
          0.15216828029774512,
          0.006399129683276481,
          -0.04228183953094538,
          0.0704939205348052,
          0.009684604888805909,
          -0.03083756088182176,
          0.0632344138254362,
          0.016402977935858026,
          -0.03516795079296948,
          0.06731060425945483,
          -0.00046270136808341595,
          0.0011544273929852936,
          0.3172806720040177,
          0.35806485026669105,
          0.2624988403005011,
          0.03523310098510249,
          0.001728110240638845,
          0.026593308234207916,
          -0.0031470518279734534,
          -0.033845751515467246,
          0.03385780524123088,
          -0.029882447791626895,
          -0.008959395540558752,
          0.02355936340572923,
          0.004262860826055699,
          -0.0259447360685249,
          0.15216817608177158,
          0.006383102307883787,
          -0.04233087945595434,
          0.07050108403562659,
          0.009660948089772832,
          -0.030838285604383422,
          0.06325709421587467,
          0.016392005054173344,
          -0.03516359947911804,
          0.0673127417026876,
          -0.0004627074484246183,
          0.0011544283174411076,
          0.3175955480769914,
          0.35817044928335906,
          0.2626921231230498,
          0.035180822051593674,
          0.0016788253133536203,
          0.02647318618142777,
          -0.0031273543782788455,
          -0.03377909576765146,
          0.033740761756746576,
          -0.029816394991921874,
          -0.009062577967426495,
          0.02343251699291676,
          0.004276687953194446,
          -0.02598356804652347,
          0.15216920619915805,
          0.00572236536690989,
          -0.04225272764583435,
          0.06933958970543712,
          0.009128872015577813,
          -0.030456152699140628,
          0.0626068561428725,
          0.01599559058324948,
          -0.034756520961936356,
          0.06573503687652361,
          -0.00046271151148748733,
          0.001154420573596266,
          0.31791237234346875,
          0.358276695334232,
          0.2628855104105943,
          0.010655973309359731,
          -0.18758033864221818,
          0.07602287366423918,
          -0.07933786010314556,
          0.06509471669194185,
          0.10819710557722476,
          -0.0041242832089281155,
          -0.06148009939379657,
          0.06676559216301241,
          0.010492220904676837,
          -0.18804318822942764,
          0.07603283791780668,
          -0.0795460300995797,
          0.06509838734831987,
          0.10835004825658323,
          -0.004156686559376817,
          -0.061674216858784096,
          0.06676175983887066
        ]
      ],
      "std": [
        [
          0.08249399998919842,
          0.07595414660761333,
          0.02764489607430175,
          0.07181632216500622,
          0.07729292397834253,
          0.027950693401563215,
          0.07703552910540007,
          0.08823849283858826,
          0.021061642361896303,
          0.07869132469445826,
          0.08942905338849506,
          0.030509513849824206,
          0.8026598681863599,
          1.2538773476619163,
          1.2503664389889366,
          0.7541681379543618,
          0.6930245822983649,
          0.8620811760182787,
          0.890094547266911,
          0.783867354222521,
          1.0198500339548415,
          0.06946781007904008,
          0.0695375712616559,
          0.27575853907806114,
          0.2860876289323788,
          0.17510297374370884,
          0.08253278579469879,
          0.07599884819209982,
          0.027468599917582184,
          0.07186702640927234,
          0.0773265602911737,
          0.02780509373256148,
          0.07707604029655322,
          0.08827074357816028,
          0.020799904592140532,
          0.07872492390669225,
          0.08947034623345598,
          0.030510326217674043,
          0.8031301589965547,
          1.2547470387823465,
          1.2511635306670355,
          0.7545884273871428,
          0.6929368552692405,
          0.8624480364334944,
          0.8906700102475505,
          0.7843054351530115,
          1.0203450888172154,
          0.06946781742794458,
          0.0695375738497631,
          0.27589075082169706,
          0.2860663832583139,
          0.17520480042746372,
          0.0825729404236061,
          0.07604322470739477,
          0.02729945232573895,
          0.07191775366042637,
          0.07736138661044914,
          0.02766342190431562,
          0.07711663227822108,
          0.08830413949892754,
          0.020546335055276126,
          0.0787585727086202,
          0.08951171460216904,
          0.030510961455677714,
          0.8032034501162111,
          1.2553689809838786,
          1.2509369873073195,
          0.7546587467084109,
          0.692592516652184,
          0.8613941902086598,
          0.8910153686716056,
          0.7843472654497882,
          1.0190867796219365,
          0.06946782017100823,
          0.06953757496802647,
          0.27602116255634235,
          0.2860440354478504,
          0.17530487129150762,
          0.236485369013288,
          0.23943745279069745,
          0.16300467934579935,
          0.20513129464149882,
          0.23942450868346074,
          0.18186284232845165,
          0.23004366907422863,
          0.2758553357900685,
          0.18060449132539916,
          0.23653256273900433,
          0.2392136673068537,
          0.16308407238656894,
          0.20506457787993293,
          0.23948257147896482,
          0.18190772356376536,
          0.23010068359789446,
          0.27594145505357587,
          0.18070339514590866
        ]
      ],
      "eps": 0.001
    }
  },
  "tau": 0.005,
  "use_gpu": 0,