{
  "action_scaler": {
    "type": "min_max",
    "params": {
      "minimum": [
        [
          -0.3970000147819519,
          -0.3970000147819519,
          -0.3970000147819519,
          -0.3970000147819519,
          -0.3970000147819519,
          -0.3970000147819519,
          -0.3970000147819519,
          -0.3970000147819519,
          -0.3970000147819519
        ]
      ],
      "maximum": [
        [
          0.3970000147819519,
          0.3970000147819519,
          0.3970000147819519,
          0.3970000147819519,
          0.3970000147819519,
          0.3970000147819519,
          0.3970000147819519,
          0.3970000147819519,
          0.3970000147819519
        ]
      ]
    }
  },
  "actor_encoder_factory": {
    "type": "default",
    "params": {
      "activation": "relu",
      "use_batch_norm": false,
      "dropout_rate": null
    }
  },
  "actor_learning_rate": 0.00015,
  "actor_optim_factory": {
    "optim_cls": "Adam",
    "betas": [
      0.9,
      0.999
    ],
    "eps": 1e-08,
    "weight_decay": 0,
    "amsgrad": false
  },
  "batch_size": 64,
  "critic_encoder_factory": {
    "type": "default",
    "params": {
      "activation": "relu",
      "use_batch_norm": false,
      "dropout_rate": null
    }
  },
  "critic_learning_rate": 0.00015,
  "critic_optim_factory": {
    "optim_cls": "Adam",
    "betas": [
      0.9,
      0.999
    ],
    "eps": 1e-08,
    "weight_decay": 0,
    "amsgrad": false
  },
  "expectile": 0.7,
  "gamma": 0.99,
  "generated_maxlen": 100000,
  "max_weight": 100.0,
  "n_critics": 2,
  "n_frames": 1,
  "n_steps": 1,
  "real_ratio": 1.0,
  "reward_scaler": null,
  "scaler": {
    "type": "standard",
    "params": {
      "mean": [
        [
          0.035046894162434644,
          0.024435804535291535,
          0.01529580309687289,
          0.009042188380037511,
          -0.03977379836957011,
          0.04419133573043375,
          -0.03822268230225211,
          0.01490940701152248,
          0.02977337770067721,
          0.0005542802812722612,
          0.00015025774352219945,
          0.15236731397155223,
          0.007229456084265258,
          -0.03161408703068262,
          0.07516871985389566,
          0.012078698436239526,
          -0.02176256823572821,
          0.047961426655187205,
          0.008630654055706632,
          -0.02667462108704105,
          0.055941065326756426,
          -0.0008586625114989365,
          0.0021780621715459026,
          0.3962248166240197,
          0.28349968399471565,
          0.23137121362067756,
          0.03497964980599455,
          0.024425607729581827,
          0.01515379205068315,
          0.009073743868633341,
          -0.03970586287971494,
          0.04408552384564718,
          -0.0381799103090223,
          0.01485360106431327,
          0.029650379412459325,
          0.0005486846670019206,
          0.0001558495166758292,
          0.15236790329070277,
          0.0072242999975714265,
          -0.03161457279537447,
          0.07517948731623991,
          0.012078076509636911,
          -0.021746635823904497,
          0.04796472394492868,
          0.008635360729460771,
          -0.02666428528822668,
          0.05593020014908319,
          -0.0008586625114989365,
          0.0021780621715459026,
          0.3967127332988397,
          0.2834530222192115,
          0.2314896811455025,
          0.08693044783400422,
          -0.1977107367358568,
          0.0930840063194907,
          -0.0541119353901175,
          0.010647495911754526,
          0.01292612867170863,
          -0.035604991315574624,
          -0.14509640349336786,
          -0.007473013060707632
        ]
      ],
      "std": [
        [
          0.07336539181693812,
          0.06917698888060946,
          0.020585215789168453,
          0.06386777503860376,
          0.06819330691036325,
          0.022240685653978406,
          0.071688032614089,
          0.06645218394718556,
          0.019888104041475594,
          0.07087498962107307,
          0.07073886984885092,
          0.030436181229523008,
          0.4667243854900653,
          0.7973311015420638,
          0.6046238780300305,
          0.7184260619577459,
          0.3764938434936335,
          0.3755291569372555,
          0.7407399918328597,
          0.5254847613546146,
          0.472298524017144,
          0.0695709043636502,
          0.06949813004142648,
          0.29789392924520136,
          0.23504480797736174,
          0.07772321378092978,
          0.07339671293641511,
          0.06922615514422716,
          0.020260826973935234,
          0.06390813216679148,
          0.06822047840128258,
          0.022098781945252517,
          0.07172922629992359,
          0.06648057992053587,
          0.019646703796102307,
          0.07090742850165535,
          0.07077281747454087,
          0.030436068267933807,
          0.4668336043382052,
          0.7977575951253323,
          0.6048304980330955,
          0.7188418860967819,
          0.3760489705915605,
          0.37562422625491276,
          0.7412139807181847,
          0.5256992868368511,
          0.47243205991251985,
          0.0695709043636502,
          0.06949813004142648,
          0.2979470728117809,
          0.23494401399942388,
          0.07776267793556715,
          0.16926061753011162,
          0.21526501457149555,
          0.10687951877736074,
          0.12989481886594328,
          0.14450641944425408,
          0.06441668077371909,
          0.17808473439392414,
          0.2093863634223524,
          0.08372897459999104
        ]
      ],
      "eps": 0.001
    }
  },
  "tau": 0.005,
  "use_gpu": 0,
  "value_encoder_factory": {
    "type": "default",
    "params": {
      "activation": "relu",
      "use_batch_norm": false,
      "dropout_rate": null
    }
  },
  "weight_temp": 3.0,
  "algorithm": "IQL",
  "observation_shape": [
    61
  ],
  "action_size": 9
}