{
  "action_scaler": {
    "type": "min_max",
    "params": {
      "minimum": [
        [
          -0.3970000147819519,
          -0.3970000147819519,
          -0.3970000147819519,
          -0.3970000147819519,
          -0.3970000147819519,
          -0.3970000147819519,
          -0.3970000147819519,
          -0.3970000147819519,
          -0.3970000147819519
        ]
      ],
      "maximum": [
        [
          0.3970000147819519,
          0.3970000147819519,
          0.3970000147819519,
          0.3970000147819519,
          0.3970000147819519,
          0.3970000147819519,
          0.3970000147819519,
          0.3970000147819519,
          0.3970000147819519
        ]
      ]
    }
  },
  "actor_encoder_factory": {
    "type": "default",
    "params": {
      "activation": "relu",
      "use_batch_norm": false,
      "dropout_rate": null
    }
  },
  "actor_learning_rate": 0.00015,
  "actor_optim_factory": {
    "optim_cls": "Adam",
    "betas": [
      0.9,
      0.999
    ],
    "eps": 1e-08,
    "weight_decay": 0,
    "amsgrad": false
  },
  "batch_size": 128,
  "critic_encoder_factory": {
    "type": "default",
    "params": {
      "activation": "relu",
      "use_batch_norm": false,
      "dropout_rate": null
    }
  },
  "critic_learning_rate": 0.00015,
  "critic_optim_factory": {
    "optim_cls": "Adam",
    "betas": [
      0.9,
      0.999
    ],
    "eps": 1e-08,
    "weight_decay": 0,
    "amsgrad": false
  },
  "expectile": 0.7,
  "gamma": 0.99,
  "generated_maxlen": 100000,
  "max_weight": 100.0,
  "n_critics": 2,
  "n_frames": 1,
  "n_steps": 1,
  "real_ratio": 1.0,
  "reward_scaler": null,
  "scaler": {
    "type": "standard",
    "params": {
      "mean": [
        [
          0.035268001373625346,
          0.0017069424931447333,
          0.026724080940807204,
          -0.003239175203145319,
          -0.033986113563078374,
          0.03390213367159012,
          -0.029949080108986764,
          -0.008968787323050741,
          0.02367217187086288,
          0.004234057734497552,
          -0.025927779885987393,
          0.15214916423334654,
          0.006327137615311549,
          -0.04183419590077161,
          0.0705302030881893,
          0.00972058028584609,
          -0.030906444036348797,
          0.06330724612188435,
          0.016427404998727316,
          -0.035281394312584785,
          0.06730447348785254,
          -0.00043216380292247905,
          0.0012715462461693418,
          0.3173582677560581,
          0.3592108799842913,
          0.26238218069114844,
          0.03521318908808415,
          0.0016585025781325072,
          0.026601313878173903,
          -0.003218439512143202,
          -0.03391762115344162,
          0.03378332914378185,
          -0.02988257939104286,
          -0.009073579504594559,
          0.023542535188951594,
          0.0042478747394892255,
          -0.02596622280818415,
          0.1521488042687278,
          0.006308599692549153,
          -0.04188231142011617,
          0.07053922591571095,
          0.009695616868946268,
          -0.030905677511709716,
          0.06333182230718339,
          0.016417955157379076,
          -0.0352762554450781,
          0.06730858612503395,
          -0.00043216492493669946,
          0.0012715517178480604,
          0.3176729674348864,
          0.3593174511007689,
          0.26257499013320357,
          0.035161010383459854,
          0.0016092995386287506,
          0.02648129039886081,
          -0.0031987816353739717,
          -0.03385099362000239,
          0.03366624886109898,
          -0.029816500357879364,
          -0.00917670751805113,
          0.023415715299799342,
          0.004261632726132275,
          -0.026004760051861125,
          0.1521494242992546,
          0.005644220893885036,
          -0.04180689501233004,
          0.06938352337964165,
          0.00916455485592653,
          -0.03052357993672876,
          0.06268493482886991,
          0.0160176862807066,
          -0.03486583748688821,
          0.06573257550379616,
          -0.0004321702439489184,
          0.0012715545538222047,
          0.31798956544285145,
          0.35942471492984646,
          0.2627677988061269,
          0.009930315561390218,
          -0.18784089586165245,
          0.07601386659168605,
          -0.07947233111035325,
          0.06503459524939768,
          0.10831158053675824,
          -0.004252607640556443,
          -0.06121878956120561,
          0.06677975725974072,
          0.009765015898006655,
          -0.18830578480572213,
          0.07602342556024033,
          -0.07968080032900948,
          0.0650380930231241,
          0.10846478706355084,
          -0.004287166668646474,
          -0.061412537118586324,
          0.06677581008814293
        ]
      ],
      "std": [
        [
          0.08251746193169884,
          0.07598184547579162,
          0.02762804605407102,
          0.07195234149602146,
          0.07734615685775571,
          0.027943371585837214,
          0.07704434611121505,
          0.08831760215931883,
          0.021026569655590265,
          0.0786813600695416,
          0.08948017276735838,
          0.030504593192683557,
          0.805119083946633,
          1.2545860164478941,
          1.252659712511423,
          0.7548363932254738,
          0.6939717811932349,
          0.8622549941330918,
          0.887580300188845,
          0.7827111857871296,
          1.0204858629941862,
          0.06942934196284906,
          0.06939256515741538,
          0.27585466445615414,
          0.2873157438896601,
          0.1749456634390307,
          0.08255627175938533,
          0.07602661079632234,
          0.02745167258854141,
          0.07200304213059852,
          0.07737994119181035,
          0.027797441580123976,
          0.07708490362892137,
          0.0883497010808293,
          0.02076428025104652,
          0.07871490550582272,
          0.08952179250553272,
          0.030505481893551917,
          0.8055970753045332,
          1.2554574855444798,
          1.2534553454215818,
          0.7552531155200612,
          0.6938838708134577,
          0.8626134957827982,
          0.8881543815274461,
          0.7831406575028972,
          1.0209762289064372,
          0.06942934744897045,
          0.06939256140841903,
          0.2759867895278687,
          0.2872946441277367,
          0.17504747773877705,
          0.08259646302051182,
          0.07607104422549933,
          0.027282491591210486,
          0.07205376111056039,
          0.07741491992874772,
          0.027655418628969086,
          0.07712554443965634,
          0.08838295022151571,
          0.02051019610340859,
          0.07874849986918843,
          0.08956347533532441,
          0.0305062130937937,
          0.8056726181237709,
          1.2560912921621172,
          1.253223141642123,
          0.7553177817985341,
          0.6935443448445874,
          0.8615597529742105,
          0.8884884531665141,
          0.7831714807075798,
          1.019721249741843,
          0.0694293423981493,
          0.06939254616924598,
          0.2761170832751604,
          0.2872726353265069,
          0.17514734249956992,
          0.2364711945578364,
          0.23934189733124261,
          0.16332802570226276,
          0.20542933671611832,
          0.23974130553313713,
          0.1821263047716024,
          0.23020446147275794,
          0.27593333288381067,
          0.1807019227393135,
          0.2365183621064755,
          0.23911495286564738,
          0.16340675895858262,
          0.20536125304762104,
          0.23979997647482315,
          0.18217123344102742,
          0.23026128350417535,
          0.27601899898023746,
          0.18080030382957435
        ]
      ],
      "eps": 0.001
    }
  },
  "tau": 0.005,
  "use_gpu": 0,
  "value_encoder_factory": {
    "type": "default",
    "params": {
      "activation": "relu",
      "use_batch_norm": false,